{"accuracy": [0.43270501494407654, 0.7467387318611145, 0.8186072707176208, 0.8495340943336487, 0.866391658782959, 0.877800703048706, 0.887573778629303, 0.8931787610054016, 0.8928373456001282, 0.896237313747406], "loss": [1.9143670797348022, 0.8073105216026306, 0.5703120827674866, 0.47036418318748474, 0.4115139842033386, 0.37830492854118347, 0.3473532199859619, 0.32996800541877747, 0.3350876569747925, 0.32486769556999207], "val_accuracy": [0.7140336632728577, 0.804461658000946, 0.8242658972740173, 0.8477122783660889, 0.8497610092163086, 0.8637036085128784, 0.8473708033561707, 0.8805485963821411, 0.883223295211792, 0.87576824426651], "val_loss": [0.9032198786735535, 0.6128196120262146, 0.54791259765625, 0.47653108835220337, 0.4757836163043976, 0.4350525438785553, 0.48400014638900757, 0.3887461721897125, 0.39177021384239197, 0.4147297739982605]}